<?xml version="1.0" encoding="utf-8" standalone="yes"?>
<rss version="2.0" xmlns:atom="http://www.w3.org/2005/Atom">
  <channel>
    <title>tag1 on 中学生エンジニアの数学ノート</title>
    <link>/blog/tags/tag1/</link>
    <description>Recent content in tag1 on 中学生エンジニアの数学ノート</description>
    <generator>Hugo -- gohugo.io</generator>
    <language>ja</language>
    <lastBuildDate>Sun, 08 Jan 2023 14:54:05 +0900</lastBuildDate><atom:link href="/blog/tags/tag1/index.xml" rel="self" type="application/rss+xml" />
    <item>
      <title>hugoで生成した静的サイトとfastapiを組み合わせる。</title>
      <link>/blog/p/qvzimjn/</link>
      <pubDate>Sun, 08 Jan 2023 14:54:05 +0900</pubDate>
      
      <guid>/blog/p/qvzimjn/</guid>
      <description>エンジニアとして静的サイトだけでは満足ができないことも多いと予想したので、hugoの機能であるショートコードを使いバックエンドに接続できるようにする。
がりがり書いたのがこれ キーボードガチャガチャした文字列か文章か確かめる。</description>
    </item>
    
  </channel>
</rss>
