<?xml version="1.0" encoding="utf-8" standalone="yes"?>
<rss version="2.0" xmlns:atom="http://www.w3.org/2005/Atom">
  <channel>
    <title>ブログ on 中学生エンジニアの数学ノート</title>
    <link>/blog/tags/%E3%83%96%E3%83%AD%E3%82%B0/</link>
    <description>Recent content in ブログ on 中学生エンジニアの数学ノート</description>
    <generator>Hugo -- gohugo.io</generator>
    <language>ja</language>
    <lastBuildDate>Sun, 08 Jan 2023 14:44:36 +0900</lastBuildDate><atom:link href="/blog/tags/%E3%83%96%E3%83%AD%E3%82%B0/index.xml" rel="self" type="application/rss+xml" />
    <item>
      <title>hugoのテーマをいじって自分好みにカスタマイズしよう！！！</title>
      <link>/blog/p/99zn78n/</link>
      <pubDate>Sun, 08 Jan 2023 14:44:36 +0900</pubDate>
      
      <guid>/blog/p/99zn78n/</guid>
      <description>hugoを使ってブログを作ったのはいいが、自分のアイコンを設定することができない。 config.tomlをいじってもリファレンスを読んでもよくわからなかったのでテーマを直接書き換えることにした。
このサイトはTranquilpeakというテーマを使っている。 調べたところによると、どうやら/thmers/Transquilpeak//layouts/partials/にテンプレートファイルがあるようなので、そこをいじってimages/avater.webpを参照するように書き換えた。 これでアイコンがとっても可愛い女の子になり癒されるようになった。</description>
    </item>
    
  </channel>
</rss>
